periodo,provincia,canton,sostenimiento,total_estudiantes,bachilleres_3ero,anio
2022-2023 Inicio,AZUAY,CAMILO PONCE ENRIQUEZ,FISCAL,8670,507,2022
2022-2023 Inicio,AZUAY,CAMILO PONCE ENRIQUEZ,FISCOMISIONAL,10,0,2022
2022-2023 Inicio,AZUAY,CAMILO PONCE ENRIQUEZ,PARTICULAR,316,17,2022
2022-2023 Inicio,AZUAY,CHORDELEG,FISCAL,3027,164,2022
2022-2023 Inicio,AZUAY,CHORDELEG,PARTICULAR,283,23,2022
2022-2023 Inicio,AZUAY,CUENCA,FISCAL,96990,5672,2022
2022-2023 Inicio,AZUAY,CUENCA,FISCOMISIONAL,13034,1273,2022
2022-2023 Inicio,AZUAY,CUENCA,MUNICIPAL,278,0,2022
2022-2023 Inicio,AZUAY,CUENCA,PARTICULAR,35665,2554,2022
2022-2023 Inicio,AZUAY,EL PAN,FISCAL,491,24,2022
2022-2023 Inicio,AZUAY,GIRON,FISCAL,2662,177,2022
2022-2023 Inicio,AZUAY,GIRON,FISCOMISIONAL,351,0,2022
2022-2023 Inicio,AZUAY,GIRON,MUNICIPAL,22,0,2022
2022-2023 Inicio,AZUAY,GUACHAPALA,FISCAL,560,33,2022
2022-2023 Inicio,AZUAY,GUALACEO,FISCAL,10007,482,2022
2022-2023 Inicio,AZUAY,GUALACEO,FISCOMISIONAL,34,11,2022
2022-2023 Inicio,AZUAY,GUALACEO,PARTICULAR,1188,77,2022
2022-2023 Inicio,AZUAY,NABON,FISCAL,3299,195,2022
2022-2023 Inicio,AZUAY,NABON,FISCOMISIONAL,22,10,2022
2022-2023 Inicio,AZUAY,OÑA,FISCAL,736,57,2022
2022-2023 Inicio,AZUAY,OÑA,FISCOMISIONAL,192,14,2022
2022-2023 Inicio,AZUAY,PAUTE,FISCAL,5259,365,2022
2022-2023 Inicio,AZUAY,PAUTE,FISCOMISIONAL,1162,82,2022
2022-2023 Inicio,AZUAY,PAUTE,PARTICULAR,270,0,2022
2022-2023 Inicio,AZUAY,PUCARA,FISCAL,2271,104,2022
2022-2023 Inicio,AZUAY,SAN FERNANDO,FISCAL,799,53,2022
2022-2023 Inicio,AZUAY,SANTA ISABEL,FISCAL,4362,250,2022
2022-2023 Inicio,AZUAY,SANTA ISABEL,FISCOMISIONAL,549,25,2022
2022-2023 Inicio,AZUAY,SEVILLA DE ORO,FISCAL,1128,86,2022
2022-2023 Inicio,AZUAY,SIGSIG,FISCAL,5781,301,2022
2022-2023 Inicio,AZUAY,SIGSIG,FISCOMISIONAL,494,54,2022
2022-2023 Inicio,AZUAY,SIGSIG,PARTICULAR,106,0,2022
2022-2023 Inicio,BOLIVAR,CALUMA,FISCAL,4499,330,2022
2022-2023 Inicio,BOLIVAR,CALUMA,FISCOMISIONAL,63,17,2022
2022-2023 Inicio,BOLIVAR,CALUMA,MUNICIPAL,115,18,2022
2022-2023 Inicio,BOLIVAR,CALUMA,PARTICULAR,218,14,2022
2022-2023 Inicio,BOLIVAR,CHILLANES,FISCAL,4499,262,2022
2022-2023 Inicio,BOLIVAR,CHILLANES,FISCOMISIONAL,186,51,2022
2022-2023 Inicio,BOLIVAR,CHIMBO,FISCAL,2430,192,2022
2022-2023 Inicio,BOLIVAR,CHIMBO,FISCOMISIONAL,485,0,2022
2022-2023 Inicio,BOLIVAR,ECHEANDIA,FISCAL,4494,317,2022
2022-2023 Inicio,BOLIVAR,ECHEANDIA,FISCOMISIONAL,76,36,2022
2022-2023 Inicio,BOLIVAR,GUARANDA,FISCAL,21817,1542,2022
2022-2023 Inicio,BOLIVAR,GUARANDA,FISCOMISIONAL,2126,174,2022
2022-2023 Inicio,BOLIVAR,GUARANDA,PARTICULAR,1465,105,2022
2022-2023 Inicio,BOLIVAR,LAS NAVES,FISCAL,1590,110,2022
2022-2023 Inicio,BOLIVAR,LAS NAVES,FISCOMISIONAL,75,18,2022
2022-2023 Inicio,BOLIVAR,LAS NAVES,PARTICULAR,94,0,2022
2022-2023 Inicio,BOLIVAR,SAN MIGUEL,FISCAL,5778,490,2022
2022-2023 Inicio,BOLIVAR,SAN MIGUEL,FISCOMISIONAL,370,54,2022
2022-2023 Inicio,CARCHI,BOLIVAR,FISCAL,3133,195,2022
2022-2023 Inicio,CARCHI,BOLIVAR,FISCOMISIONAL,266,0,2022
2022-2023 Inicio,CARCHI,ESPEJO,FISCAL,2935,188,2022
2022-2023 Inicio,CARCHI,MIRA,FISCAL,2445,200,2022
2022-2023 Inicio,CARCHI,MIRA,FISCOMISIONAL,755,47,2022
2022-2023 Inicio,CARCHI,MONTUFAR,FISCAL,5634,390,2022
2022-2023 Inicio,CARCHI,MONTUFAR,FISCOMISIONAL,1347,92,2022
2022-2023 Inicio,CARCHI,MONTUFAR,PARTICULAR,35,0,2022
2022-2023 Inicio,CARCHI,SAN PEDRO DE HUACA,FISCAL,1478,109,2022
2022-2023 Inicio,CARCHI,SAN PEDRO DE HUACA,FISCOMISIONAL,442,21,2022
2022-2023 Inicio,CARCHI,TULCAN,FISCAL,15701,901,2022
2022-2023 Inicio,CARCHI,TULCAN,FISCOMISIONAL,4815,429,2022
2022-2023 Inicio,CARCHI,TULCAN,MUNICIPAL,232,8,2022
2022-2023 Inicio,CARCHI,TULCAN,PARTICULAR,857,0,2022
2022-2023 Inicio,CAÑAR,AZOGUES,FISCAL,16853,1026,2022
2022-2023 Inicio,CAÑAR,AZOGUES,FISCOMISIONAL,1206,73,2022
2022-2023 Inicio,CAÑAR,AZOGUES,PARTICULAR,2534,181,2022
2022-2023 Inicio,CAÑAR,BIBLIAN,FISCAL,2917,154,2022
2022-2023 Inicio,CAÑAR,BIBLIAN,FISCOMISIONAL,546,0,2022
2022-2023 Inicio,CAÑAR,CAÑAR,FISCAL,11307,597,2022
2022-2023 Inicio,CAÑAR,CAÑAR,FISCOMISIONAL,2026,132,2022
2022-2023 Inicio,CAÑAR,DELEG,FISCAL,1026,73,2022
2022-2023 Inicio,CAÑAR,DELEG,FISCOMISIONAL,244,0,2022
2022-2023 Inicio,CAÑAR,EL TAMBO,FISCAL,1809,101,2022
2022-2023 Inicio,CAÑAR,EL TAMBO,FISCOMISIONAL,802,13,2022
2022-2023 Inicio,CAÑAR,LA TRONCAL,FISCAL,18698,851,2022
2022-2023 Inicio,CAÑAR,LA TRONCAL,FISCOMISIONAL,157,42,2022
2022-2023 Inicio,CAÑAR,LA TRONCAL,PARTICULAR,2364,181,2022
2022-2023 Inicio,CAÑAR,SUSCAL,FISCAL,1138,40,2022
2022-2023 Inicio,CAÑAR,SUSCAL,FISCOMISIONAL,50,0,2022
2022-2023 Inicio,CHIMBORAZO,ALAUSI,FISCAL,9519,538,2022
2022-2023 Inicio,CHIMBORAZO,ALAUSI,FISCOMISIONAL,361,17,2022
2022-2023 Inicio,CHIMBORAZO,CHAMBO,FISCAL,2042,96,2022
2022-2023 Inicio,CHIMBORAZO,CHAMBO,PARTICULAR,13,0,2022
2022-2023 Inicio,CHIMBORAZO,CHUNCHI,FISCAL,2506,120,2022
2022-2023 Inicio,CHIMBORAZO,CHUNCHI,FISCOMISIONAL,466,19,2022
2022-2023 Inicio,CHIMBORAZO,COLTA,FISCAL,5513,471,2022
2022-2023 Inicio,CHIMBORAZO,COLTA,FISCOMISIONAL,233,0,2022
2022-2023 Inicio,CHIMBORAZO,COLTA,PARTICULAR,13,6,2022
2022-2023 Inicio,CHIMBORAZO,CUMANDA,FISCAL,4137,223,2022
2022-2023 Inicio,CHIMBORAZO,CUMANDA,FISCOMISIONAL,165,47,2022
2022-2023 Inicio,CHIMBORAZO,CUMANDA,PARTICULAR,322,0,2022
2022-2023 Inicio,CHIMBORAZO,GUAMOTE,FISCAL,9906,589,2022
2022-2023 Inicio,CHIMBORAZO,GUAMOTE,FISCOMISIONAL,246,21,2022
2022-2023 Inicio,CHIMBORAZO,GUAMOTE,PARTICULAR,121,0,2022
2022-2023 Inicio,CHIMBORAZO,GUANO,FISCAL,4774,276,2022
2022-2023 Inicio,CHIMBORAZO,GUANO,FISCOMISIONAL,659,20,2022
2022-2023 Inicio,CHIMBORAZO,PALLATANGA,FISCAL,3036,194,2022
2022-2023 Inicio,CHIMBORAZO,PALLATANGA,PARTICULAR,69,0,2022
2022-2023 Inicio,CHIMBORAZO,PENIPE,FISCAL,1201,65,2022
2022-2023 Inicio,CHIMBORAZO,RIOBAMBA,FISCAL,50448,3977,2022
2022-2023 Inicio,CHIMBORAZO,RIOBAMBA,FISCOMISIONAL,10079,961,2022
2022-2023 Inicio,CHIMBORAZO,RIOBAMBA,PARTICULAR,11770,784,2022
2022-2023 Inicio,COTOPAXI,LA MANA,FISCAL,14807,1063,2022
2022-2023 Inicio,COTOPAXI,LA MANA,FISCOMISIONAL,236,101,2022
2022-2023 Inicio,COTOPAXI,LA MANA,PARTICULAR,606,63,2022
2022-2023 Inicio,COTOPAXI,LATACUNGA,FISCAL,45469,3247,2022
2022-2023 Inicio,COTOPAXI,LATACUNGA,FISCOMISIONAL,3289,327,2022
2022-2023 Inicio,COTOPAXI,LATACUNGA,PARTICULAR,7141,512,2022
2022-2023 Inicio,COTOPAXI,PANGUA,FISCAL,4774,362,2022
2022-2023 Inicio,COTOPAXI,PANGUA,FISCOMISIONAL,493,66,2022
2022-2023 Inicio,COTOPAXI,PUJILI,FISCAL,16160,1226,2022
2022-2023 Inicio,COTOPAXI,PUJILI,PARTICULAR,587,63,2022
2022-2023 Inicio,COTOPAXI,SALCEDO,FISCAL,12742,855,2022
2022-2023 Inicio,COTOPAXI,SALCEDO,FISCOMISIONAL,86,17,2022
2022-2023 Inicio,COTOPAXI,SALCEDO,MUNICIPAL,436,30,2022
2022-2023 Inicio,COTOPAXI,SALCEDO,PARTICULAR,2049,118,2022
2022-2023 Inicio,COTOPAXI,SAQUISILI,FISCAL,5517,356,2022
2022-2023 Inicio,COTOPAXI,SAQUISILI,PARTICULAR,720,22,2022
2022-2023 Inicio,COTOPAXI,SIGCHOS,FISCAL,4319,259,2022
2022-2023 Inicio,COTOPAXI,SIGCHOS,PARTICULAR,164,10,2022
2022-2023 Inicio,EL ORO,ARENILLAS,FISCAL,7651,505,2022
2022-2023 Inicio,EL ORO,ARENILLAS,PARTICULAR,324,34,2022
2022-2023 Inicio,EL ORO,ATAHUALPA,FISCAL,1173,53,2022
2022-2023 Inicio,EL ORO,BALSAS,FISCAL,2008,123,2022
2022-2023 Inicio,EL ORO,BALSAS,PARTICULAR,393,32,2022
2022-2023 Inicio,EL ORO,CHILLA,FISCAL,426,22,2022
2022-2023 Inicio,EL ORO,EL GUABO,FISCAL,13880,735,2022
2022-2023 Inicio,EL ORO,EL GUABO,PARTICULAR,1105,41,2022
2022-2023 Inicio,EL ORO,HUAQUILLAS,FISCAL,12994,759,2022
2022-2023 Inicio,EL ORO,HUAQUILLAS,FISCOMISIONAL,67,26,2022
2022-2023 Inicio,EL ORO,HUAQUILLAS,MUNICIPAL,788,108,2022
2022-2023 Inicio,EL ORO,HUAQUILLAS,PARTICULAR,1463,77,2022
2022-2023 Inicio,EL ORO,LAS LAJAS,FISCAL,1204,82,2022
2022-2023 Inicio,EL ORO,MACHALA,FISCAL,55045,3264,2022
2022-2023 Inicio,EL ORO,MACHALA,FISCOMISIONAL,1973,227,2022
2022-2023 Inicio,EL ORO,MACHALA,PARTICULAR,15443,1048,2022
2022-2023 Inicio,EL ORO,MARCABELI,FISCAL,1160,98,2022
2022-2023 Inicio,EL ORO,MARCABELI,FISCOMISIONAL,356,0,2022
2022-2023 Inicio,EL ORO,PASAJE,FISCAL,18848,1214,2022
2022-2023 Inicio,EL ORO,PASAJE,FISCOMISIONAL,677,133,2022
2022-2023 Inicio,EL ORO,PASAJE,PARTICULAR,2607,228,2022
2022-2023 Inicio,EL ORO,PIÑAS,FISCAL,5695,450,2022
2022-2023 Inicio,EL ORO,PIÑAS,FISCOMISIONAL,999,0,2022
2022-2023 Inicio,EL ORO,PORTOVELO,FISCAL,3023,172,2022
2022-2023 Inicio,EL ORO,SANTA ROSA,FISCAL,17981,1045,2022
2022-2023 Inicio,EL ORO,SANTA ROSA,FISCOMISIONAL,648,0,2022
2022-2023 Inicio,EL ORO,SANTA ROSA,PARTICULAR,1335,106,2022
2022-2023 Inicio,EL ORO,ZARUMA,FISCAL,5229,388,2022
2022-2023 Inicio,EL ORO,ZARUMA,FISCOMISIONAL,556,11,2022
2022-2023 Inicio,ESMERALDAS,ATACAMES,FISCAL,14447,661,2022
2022-2023 Inicio,ESMERALDAS,ATACAMES,FISCOMISIONAL,1673,117,2022
2022-2023 Inicio,ESMERALDAS,ATACAMES,PARTICULAR,589,33,2022
2022-2023 Inicio,ESMERALDAS,ELOY ALFARO,FISCAL,14199,693,2022
2022-2023 Inicio,ESMERALDAS,ELOY ALFARO,FISCOMISIONAL,1785,138,2022
2022-2023 Inicio,ESMERALDAS,ELOY ALFARO,PARTICULAR,41,0,2022
2022-2023 Inicio,ESMERALDAS,ESMERALDAS,FISCAL,44794,2273,2022
2022-2023 Inicio,ESMERALDAS,ESMERALDAS,FISCOMISIONAL,17266,1340,2022
2022-2023 Inicio,ESMERALDAS,ESMERALDAS,PARTICULAR,3237,161,2022
2022-2023 Inicio,ESMERALDAS,MUISNE,FISCAL,9630,352,2022
2022-2023 Inicio,ESMERALDAS,MUISNE,FISCOMISIONAL,831,20,2022
2022-2023 Inicio,ESMERALDAS,MUISNE,MUNICIPAL,15,0,2022
2022-2023 Inicio,ESMERALDAS,QUININDE,FISCAL,29776,1438,2022
2022-2023 Inicio,ESMERALDAS,QUININDE,FISCOMISIONAL,3438,313,2022
2022-2023 Inicio,ESMERALDAS,QUININDE,PARTICULAR,2525,142,2022
2022-2023 Inicio,ESMERALDAS,RIOVERDE,FISCAL,9069,329,2022
2022-2023 Inicio,ESMERALDAS,RIOVERDE,FISCOMISIONAL,1061,67,2022
2022-2023 Inicio,ESMERALDAS,SAN LORENZO,FISCAL,14883,595,2022
2022-2023 Inicio,ESMERALDAS,SAN LORENZO,FISCOMISIONAL,2565,243,2022
2022-2023 Inicio,ESMERALDAS,SAN LORENZO,PARTICULAR,402,0,2022
2022-2023 Inicio,GALAPAGOS,ISABELA,FISCAL,11,0,2022
2022-2023 Inicio,GALAPAGOS,ISABELA,FISCOMISIONAL,488,27,2022
2022-2023 Inicio,GALAPAGOS,ISABELA,MUNICIPAL,247,11,2022
2022-2023 Inicio,GALAPAGOS,SAN CRISTOBAL,FISCAL,1071,31,2022
2022-2023 Inicio,GALAPAGOS,SAN CRISTOBAL,FISCOMISIONAL,908,76,2022
2022-2023 Inicio,GALAPAGOS,SAN CRISTOBAL,PARTICULAR,22,0,2022
2022-2023 Inicio,GALAPAGOS,SANTA CRUZ,FISCAL,2779,216,2022
2022-2023 Inicio,GALAPAGOS,SANTA CRUZ,FISCOMISIONAL,1172,59,2022
2022-2023 Inicio,GALAPAGOS,SANTA CRUZ,PARTICULAR,399,24,2022
2022-2023 Inicio,GUAYAS,ALFREDO BAQUERIZO MORENO,FISCAL,4991,217,2022
2022-2023 Inicio,GUAYAS,ALFREDO BAQUERIZO MORENO,PARTICULAR,269,0,2022
2022-2023 Inicio,GUAYAS,BALAO,FISCAL,6117,246,2022
2022-2023 Inicio,GUAYAS,BALZAR,FISCAL,15226,848,2022
2022-2023 Inicio,GUAYAS,BALZAR,PARTICULAR,872,76,2022
2022-2023 Inicio,GUAYAS,COLIMES,FISCAL,6022,256,2022
2022-2023 Inicio,GUAYAS,CORONEL MARCELINO MARIDUEÑA,FISCAL,2918,193,2022
2022-2023 Inicio,GUAYAS,CORONEL MARCELINO MARIDUEÑA,PARTICULAR,1123,64,2022
2022-2023 Inicio,GUAYAS,DAULE,FISCAL,26936,1856,2022
2022-2023 Inicio,GUAYAS,DAULE,PARTICULAR,15885,707,2022
2022-2023 Inicio,GUAYAS,DURAN,FISCAL,45624,2264,2022
2022-2023 Inicio,GUAYAS,DURAN,FISCOMISIONAL,268,0,2022
2022-2023 Inicio,GUAYAS,DURAN,PARTICULAR,22725,1192,2022
2022-2023 Inicio,GUAYAS,EL EMPALME,FISCAL,22924,1218,2022
2022-2023 Inicio,GUAYAS,EL EMPALME,FISCOMISIONAL,68,22,2022
2022-2023 Inicio,GUAYAS,EL EMPALME,MUNICIPAL,19,0,2022
2022-2023 Inicio,GUAYAS,EL EMPALME,PARTICULAR,1320,54,2022
2022-2023 Inicio,GUAYAS,EL TRIUNFO,FISCAL,12315,588,2022
2022-2023 Inicio,GUAYAS,EL TRIUNFO,FISCOMISIONAL,75,0,2022
2022-2023 Inicio,GUAYAS,EL TRIUNFO,MUNICIPAL,80,3,2022
2022-2023 Inicio,GUAYAS,EL TRIUNFO,PARTICULAR,2100,138,2022
2022-2023 Inicio,GUAYAS,GENERAL ANTONIO ELIZALDE,FISCAL,3843,363,2022
2022-2023 Inicio,GUAYAS,GENERAL ANTONIO ELIZALDE,PARTICULAR,797,51,2022
2022-2023 Inicio,GUAYAS,GUAYAQUIL,FISCAL,441142,31345,2022
2022-2023 Inicio,GUAYAS,GUAYAQUIL,FISCOMISIONAL,17670,1317,2022
2022-2023 Inicio,GUAYAS,GUAYAQUIL,MUNICIPAL,195,0,2022
2022-2023 Inicio,GUAYAS,GUAYAQUIL,PARTICULAR,229598,12997,2022
2022-2023 Inicio,GUAYAS,ISIDRO AYORA,FISCAL,4038,232,2022
2022-2023 Inicio,GUAYAS,LOMAS DE SARGENTILLO,FISCAL,4326,186,2022
2022-2023 Inicio,GUAYAS,LOMAS DE SARGENTILLO,PARTICULAR,1460,96,2022
2022-2023 Inicio,GUAYAS,MILAGRO,FISCAL,42983,2875,2022
2022-2023 Inicio,GUAYAS,MILAGRO,PARTICULAR,9355,487,2022
2022-2023 Inicio,GUAYAS,NARANJAL,FISCAL,21195,1081,2022
2022-2023 Inicio,GUAYAS,NARANJAL,PARTICULAR,1376,79,2022
2022-2023 Inicio,GUAYAS,NARANJITO,FISCAL,10769,621,2022
2022-2023 Inicio,GUAYAS,NARANJITO,PARTICULAR,460,3,2022
2022-2023 Inicio,GUAYAS,NOBOL,FISCAL,6325,283,2022
2022-2023 Inicio,GUAYAS,NOBOL,MUNICIPAL,87,20,2022
2022-2023 Inicio,GUAYAS,NOBOL,PARTICULAR,303,29,2022
2022-2023 Inicio,GUAYAS,PALESTINA,FISCAL,3939,241,2022
2022-2023 Inicio,GUAYAS,PALESTINA,PARTICULAR,382,0,2022
2022-2023 Inicio,GUAYAS,PEDRO CARBO,FISCAL,12618,719,2022
2022-2023 Inicio,GUAYAS,PEDRO CARBO,PARTICULAR,1325,36,2022
2022-2023 Inicio,GUAYAS,PLAYAS,FISCAL,12351,791,2022
2022-2023 Inicio,GUAYAS,PLAYAS,FISCOMISIONAL,751,0,2022
2022-2023 Inicio,GUAYAS,PLAYAS,PARTICULAR,3710,191,2022
2022-2023 Inicio,GUAYAS,SALITRE,FISCAL,14017,817,2022
2022-2023 Inicio,GUAYAS,SALITRE,FISCOMISIONAL,120,0,2022
2022-2023 Inicio,GUAYAS,SALITRE,MUNICIPAL,29,0,2022
2022-2023 Inicio,GUAYAS,SALITRE,PARTICULAR,941,58,2022
2022-2023 Inicio,GUAYAS,SAMBORONDON,FISCAL,11089,610,2022
2022-2023 Inicio,GUAYAS,SAMBORONDON,PARTICULAR,12752,680,2022
2022-2023 Inicio,GUAYAS,SAN JACINTO DE YAGUACHI,FISCAL,15648,917,2022
2022-2023 Inicio,GUAYAS,SAN JACINTO DE YAGUACHI,FISCOMISIONAL,910,93,2022
2022-2023 Inicio,GUAYAS,SAN JACINTO DE YAGUACHI,MUNICIPAL,519,37,2022
2022-2023 Inicio,GUAYAS,SAN JACINTO DE YAGUACHI,PARTICULAR,2039,87,2022
2022-2023 Inicio,GUAYAS,SANTA LUCIA,FISCAL,9291,578,2022
2022-2023 Inicio,GUAYAS,SANTA LUCIA,PARTICULAR,497,0,2022
2022-2023 Inicio,GUAYAS,SIMON BOLIVAR,FISCAL,5635,198,2022
2022-2023 Inicio,GUAYAS,SIMON BOLIVAR,FISCOMISIONAL,887,140,2022
2022-2023 Inicio,GUAYAS,SIMON BOLIVAR,PARTICULAR,1140,19,2022
2022-2023 Inicio,IMBABURA,ANTONIO ANTE,FISCAL,9667,697,2022
2022-2023 Inicio,IMBABURA,ANTONIO ANTE,FISCOMISIONAL,700,0,2022
2022-2023 Inicio,IMBABURA,ANTONIO ANTE,PARTICULAR,1205,88,2022
2022-2023 Inicio,IMBABURA,COTACACHI,FISCAL,13041,883,2022
2022-2023 Inicio,IMBABURA,COTACACHI,PARTICULAR,768,53,2022
2022-2023 Inicio,IMBABURA,IBARRA,FISCAL,35920,2301,2022
2022-2023 Inicio,IMBABURA,IBARRA,FISCOMISIONAL,8114,797,2022
2022-2023 Inicio,IMBABURA,IBARRA,MUNICIPAL,1050,36,2022
2022-2023 Inicio,IMBABURA,IBARRA,PARTICULAR,11512,1224,2022
2022-2023 Inicio,IMBABURA,OTAVALO,FISCAL,26630,2012,2022
2022-2023 Inicio,IMBABURA,OTAVALO,FISCOMISIONAL,1587,67,2022
2022-2023 Inicio,IMBABURA,OTAVALO,MUNICIPAL,707,0,2022
2022-2023 Inicio,IMBABURA,OTAVALO,PARTICULAR,2999,299,2022
2022-2023 Inicio,IMBABURA,PIMAMPIRO,FISCAL,2556,173,2022
2022-2023 Inicio,IMBABURA,PIMAMPIRO,PARTICULAR,314,23,2022
2022-2023 Inicio,IMBABURA,SAN MIGUEL DE URCUQUI,FISCAL,3774,218,2022
2022-2023 Inicio,IMBABURA,SAN MIGUEL DE URCUQUI,PARTICULAR,142,0,2022
2022-2023 Inicio,LOJA,CALVAS,FISCAL,3727,236,2022
2022-2023 Inicio,LOJA,CALVAS,FISCOMISIONAL,2824,228,2022
2022-2023 Inicio,LOJA,CALVAS,PARTICULAR,51,0,2022
2022-2023 Inicio,LOJA,CATAMAYO,FISCAL,4907,366,2022
2022-2023 Inicio,LOJA,CATAMAYO,FISCOMISIONAL,2922,209,2022
2022-2023 Inicio,LOJA,CATAMAYO,PARTICULAR,286,0,2022
2022-2023 Inicio,LOJA,CELICA,FISCAL,2668,140,2022
2022-2023 Inicio,LOJA,CELICA,FISCOMISIONAL,924,82,2022
2022-2023 Inicio,LOJA,CHAGUARPAMBA,FISCAL,1042,71,2022
2022-2023 Inicio,LOJA,CHAGUARPAMBA,FISCOMISIONAL,403,25,2022
2022-2023 Inicio,LOJA,ESPINDOLA,FISCAL,2250,153,2022
2022-2023 Inicio,LOJA,ESPINDOLA,FISCOMISIONAL,1108,124,2022
2022-2023 Inicio,LOJA,GONZANAMA,FISCAL,1807,137,2022
2022-2023 Inicio,LOJA,GONZANAMA,FISCOMISIONAL,739,75,2022
2022-2023 Inicio,LOJA,LOJA,FISCAL,34745,1961,2022
2022-2023 Inicio,LOJA,LOJA,FISCOMISIONAL,14429,1318,2022
2022-2023 Inicio,LOJA,LOJA,MUNICIPAL,1412,0,2022
2022-2023 Inicio,LOJA,LOJA,PARTICULAR,10657,716,2022
2022-2023 Inicio,LOJA,MACARA,FISCAL,2505,144,2022
2022-2023 Inicio,LOJA,MACARA,FISCOMISIONAL,2151,151,2022
2022-2023 Inicio,LOJA,OLMEDO,FISCAL,435,33,2022
2022-2023 Inicio,LOJA,OLMEDO,FISCOMISIONAL,460,51,2022
2022-2023 Inicio,LOJA,PALTAS,FISCAL,3624,271,2022
2022-2023 Inicio,LOJA,PALTAS,FISCOMISIONAL,1726,139,2022
2022-2023 Inicio,LOJA,PINDAL,FISCAL,2631,188,2022
2022-2023 Inicio,LOJA,PUYANGO,FISCAL,3092,250,2022
2022-2023 Inicio,LOJA,PUYANGO,FISCOMISIONAL,573,21,2022
2022-2023 Inicio,LOJA,QUILANGA,FISCAL,748,59,2022
2022-2023 Inicio,LOJA,SARAGURO,FISCAL,6062,388,2022
2022-2023 Inicio,LOJA,SARAGURO,FISCOMISIONAL,1498,113,2022
2022-2023 Inicio,LOJA,SOZORANGA,FISCAL,1171,85,2022
2022-2023 Inicio,LOJA,ZAPOTILLO,FISCAL,3126,186,2022
2022-2023 Inicio,LOJA,ZAPOTILLO,FISCOMISIONAL,338,17,2022
2022-2023 Inicio,LOS RIOS,BABA,FISCAL,9997,451,2022
2022-2023 Inicio,LOS RIOS,BABA,MUNICIPAL,51,0,2022
2022-2023 Inicio,LOS RIOS,BABAHOYO,FISCAL,39761,2340,2022
2022-2023 Inicio,LOS RIOS,BABAHOYO,FISCOMISIONAL,282,81,2022
2022-2023 Inicio,LOS RIOS,BABAHOYO,PARTICULAR,7061,459,2022
2022-2023 Inicio,LOS RIOS,BUENA FE,FISCAL,20138,1124,2022
2022-2023 Inicio,LOS RIOS,BUENA FE,FISCOMISIONAL,576,63,2022
2022-2023 Inicio,LOS RIOS,BUENA FE,PARTICULAR,1004,49,2022
2022-2023 Inicio,LOS RIOS,MOCACHE,FISCAL,9019,333,2022
2022-2023 Inicio,LOS RIOS,MOCACHE,MUNICIPAL,97,0,2022
2022-2023 Inicio,LOS RIOS,MOCACHE,PARTICULAR,952,50,2022
2022-2023 Inicio,LOS RIOS,MONTALVO,FISCAL,6260,438,2022
2022-2023 Inicio,LOS RIOS,MONTALVO,PARTICULAR,153,0,2022
2022-2023 Inicio,LOS RIOS,PALENQUE,FISCAL,5552,258,2022
2022-2023 Inicio,LOS RIOS,PALENQUE,FISCOMISIONAL,394,0,2022
2022-2023 Inicio,LOS RIOS,PUEBLOVIEJO,FISCAL,9730,460,2022
2022-2023 Inicio,LOS RIOS,PUEBLOVIEJO,FISCOMISIONAL,18,0,2022
2022-2023 Inicio,LOS RIOS,PUEBLOVIEJO,MUNICIPAL,51,0,2022
2022-2023 Inicio,LOS RIOS,PUEBLOVIEJO,PARTICULAR,333,0,2022
2022-2023 Inicio,LOS RIOS,QUEVEDO,FISCAL,46791,2963,2022
2022-2023 Inicio,LOS RIOS,QUEVEDO,FISCOMISIONAL,267,47,2022
2022-2023 Inicio,LOS RIOS,QUEVEDO,MUNICIPAL,881,82,2022
2022-2023 Inicio,LOS RIOS,QUEVEDO,PARTICULAR,8875,531,2022
2022-2023 Inicio,LOS RIOS,QUINSALOMA,FISCAL,4755,300,2022
2022-2023 Inicio,LOS RIOS,URDANETA,FISCAL,7344,418,2022
2022-2023 Inicio,LOS RIOS,URDANETA,FISCOMISIONAL,842,61,2022
2022-2023 Inicio,LOS RIOS,URDANETA,PARTICULAR,142,0,2022
2022-2023 Inicio,LOS RIOS,VALENCIA,FISCAL,11709,544,2022
2022-2023 Inicio,LOS RIOS,VALENCIA,PARTICULAR,1155,74,2022
2022-2023 Inicio,LOS RIOS,VENTANAS,FISCAL,18331,1263,2022
2022-2023 Inicio,LOS RIOS,VENTANAS,MUNICIPAL,75,0,2022
2022-2023 Inicio,LOS RIOS,VENTANAS,PARTICULAR,1347,55,2022
2022-2023 Inicio,LOS RIOS,VINCES,FISCAL,18623,1107,2022
2022-2023 Inicio,LOS RIOS,VINCES,FISCOMISIONAL,139,32,2022
2022-2023 Inicio,LOS RIOS,VINCES,MUNICIPAL,42,0,2022
2022-2023 Inicio,LOS RIOS,VINCES,PARTICULAR,946,73,2022
2022-2023 Inicio,MANABI,24 DE MAYO,FISCAL,7201,466,2022
2022-2023 Inicio,MANABI,24 DE MAYO,FISCOMISIONAL,7,6,2022
2022-2023 Inicio,MANABI,BOLIVAR,FISCAL,10596,646,2022
2022-2023 Inicio,MANABI,BOLIVAR,FISCOMISIONAL,11,3,2022
2022-2023 Inicio,MANABI,BOLIVAR,MUNICIPAL,31,0,2022
2022-2023 Inicio,MANABI,BOLIVAR,PARTICULAR,1100,67,2022
2022-2023 Inicio,MANABI,CHONE,FISCAL,29154,2010,2022
2022-2023 Inicio,MANABI,CHONE,FISCOMISIONAL,866,100,2022
2022-2023 Inicio,MANABI,CHONE,PARTICULAR,2376,110,2022
2022-2023 Inicio,MANABI,EL CARMEN,FISCAL,27907,1691,2022
2022-2023 Inicio,MANABI,EL CARMEN,FISCOMISIONAL,998,41,2022
2022-2023 Inicio,MANABI,EL CARMEN,MUNICIPAL,266,44,2022
2022-2023 Inicio,MANABI,EL CARMEN,PARTICULAR,2907,279,2022
2022-2023 Inicio,MANABI,FLAVIO ALFARO,FISCAL,7239,319,2022
2022-2023 Inicio,MANABI,FLAVIO ALFARO,FISCOMISIONAL,141,37,2022
2022-2023 Inicio,MANABI,JAMA,FISCAL,4692,296,2022
2022-2023 Inicio,MANABI,JAMA,PARTICULAR,146,0,2022
2022-2023 Inicio,MANABI,JARAMIJO,FISCAL,6223,396,2022
2022-2023 Inicio,MANABI,JARAMIJO,PARTICULAR,893,28,2022
2022-2023 Inicio,MANABI,JIPIJAPA,FISCAL,16292,956,2022
2022-2023 Inicio,MANABI,JIPIJAPA,MUNICIPAL,5,0,2022
2022-2023 Inicio,MANABI,JIPIJAPA,PARTICULAR,1659,108,2022
2022-2023 Inicio,MANABI,JUNIN,FISCAL,4745,271,2022
2022-2023 Inicio,MANABI,JUNIN,FISCOMISIONAL,336,20,2022
2022-2023 Inicio,MANABI,JUNIN,PARTICULAR,156,0,2022
2022-2023 Inicio,MANABI,MANTA,FISCAL,53615,3665,2022
2022-2023 Inicio,MANABI,MANTA,FISCOMISIONAL,5593,427,2022
2022-2023 Inicio,MANABI,MANTA,PARTICULAR,17398,1115,2022
2022-2023 Inicio,MANABI,MONTECRISTI,FISCAL,17644,876,2022
2022-2023 Inicio,MANABI,MONTECRISTI,MUNICIPAL,272,10,2022
2022-2023 Inicio,MANABI,MONTECRISTI,PARTICULAR,2870,138,2022
2022-2023 Inicio,MANABI,OLMEDO,FISCAL,2546,140,2022
2022-2023 Inicio,MANABI,OLMEDO,FISCOMISIONAL,40,0,2022
2022-2023 Inicio,MANABI,PAJAN,FISCAL,10435,601,2022
2022-2023 Inicio,MANABI,PAJAN,FISCOMISIONAL,99,0,2022
2022-2023 Inicio,MANABI,PAJAN,PARTICULAR,314,0,2022
2022-2023 Inicio,MANABI,PEDERNALES,FISCAL,19426,957,2022
2022-2023 Inicio,MANABI,PEDERNALES,FISCOMISIONAL,159,45,2022
2022-2023 Inicio,MANABI,PEDERNALES,PARTICULAR,1689,84,2022
2022-2023 Inicio,MANABI,PICHINCHA,FISCAL,7918,459,2022
2022-2023 Inicio,MANABI,PICHINCHA,PARTICULAR,755,35,2022
2022-2023 Inicio,MANABI,PORTOVIEJO,FISCAL,60563,3979,2022
2022-2023 Inicio,MANABI,PORTOVIEJO,FISCOMISIONAL,3026,426,2022
2022-2023 Inicio,MANABI,PORTOVIEJO,PARTICULAR,15210,972,2022
2022-2023 Inicio,MANABI,PUERTO LOPEZ,FISCAL,6134,299,2022
2022-2023 Inicio,MANABI,PUERTO LOPEZ,PARTICULAR,703,10,2022
2022-2023 Inicio,MANABI,ROCAFUERTE,FISCAL,9223,604,2022
2022-2023 Inicio,MANABI,ROCAFUERTE,FISCOMISIONAL,1283,79,2022
2022-2023 Inicio,MANABI,ROCAFUERTE,PARTICULAR,396,33,2022
2022-2023 Inicio,MANABI,SAN VICENTE,FISCAL,5389,243,2022
2022-2023 Inicio,MANABI,SAN VICENTE,FISCOMISIONAL,121,0,2022
2022-2023 Inicio,MANABI,SAN VICENTE,PARTICULAR,104,0,2022
2022-2023 Inicio,MANABI,SANTA ANA,FISCAL,11526,680,2022
2022-2023 Inicio,MANABI,SANTA ANA,MUNICIPAL,19,0,2022
2022-2023 Inicio,MANABI,SANTA ANA,PARTICULAR,572,41,2022
2022-2023 Inicio,MANABI,SUCRE,FISCAL,13729,824,2022
2022-2023 Inicio,MANABI,SUCRE,FISCOMISIONAL,430,25,2022
2022-2023 Inicio,MANABI,SUCRE,PARTICULAR,1494,93,2022
2022-2023 Inicio,MANABI,TOSAGUA,FISCAL,8559,509,2022
2022-2023 Inicio,MANABI,TOSAGUA,FISCOMISIONAL,515,0,2022
2022-2023 Inicio,MANABI,TOSAGUA,PARTICULAR,843,84,2022
2022-2023 Inicio,MORONA SANTIAGO,GUALAQUIZA,FISCAL,4085,116,2022
2022-2023 Inicio,MORONA SANTIAGO,GUALAQUIZA,FISCOMISIONAL,2395,129,2022
2022-2023 Inicio,MORONA SANTIAGO,GUALAQUIZA,MUNICIPAL,137,40,2022
2022-2023 Inicio,MORONA SANTIAGO,GUALAQUIZA,PARTICULAR,24,0,2022
2022-2023 Inicio,MORONA SANTIAGO,HUAMBOYA,FISCAL,3778,128,2022
2022-2023 Inicio,MORONA SANTIAGO,HUAMBOYA,FISCOMISIONAL,120,16,2022
2022-2023 Inicio,MORONA SANTIAGO,LIMON INDANZA,FISCAL,1913,76,2022
2022-2023 Inicio,MORONA SANTIAGO,LIMON INDANZA,FISCOMISIONAL,1358,81,2022
2022-2023 Inicio,MORONA SANTIAGO,LOGROÑO,FISCAL,2526,85,2022
2022-2023 Inicio,MORONA SANTIAGO,LOGROÑO,FISCOMISIONAL,63,0,2022
2022-2023 Inicio,MORONA SANTIAGO,MORONA,FISCAL,12039,549,2022
2022-2023 Inicio,MORONA SANTIAGO,MORONA,FISCOMISIONAL,5314,348,2022
2022-2023 Inicio,MORONA SANTIAGO,MORONA,PARTICULAR,487,15,2022
2022-2023 Inicio,MORONA SANTIAGO,PABLO SEXTO,FISCAL,843,57,2022
2022-2023 Inicio,MORONA SANTIAGO,PALORA,FISCAL,3064,103,2022
2022-2023 Inicio,MORONA SANTIAGO,PALORA,FISCOMISIONAL,420,17,2022
2022-2023 Inicio,MORONA SANTIAGO,SAN JUAN BOSCO,FISCAL,962,43,2022
2022-2023 Inicio,MORONA SANTIAGO,SAN JUAN BOSCO,FISCOMISIONAL,483,14,2022
2022-2023 Inicio,MORONA SANTIAGO,SAN JUAN BOSCO,MUNICIPAL,9,0,2022
2022-2023 Inicio,MORONA SANTIAGO,SANTIAGO,FISCAL,2024,92,2022
2022-2023 Inicio,MORONA SANTIAGO,SANTIAGO,FISCOMISIONAL,1040,76,2022
2022-2023 Inicio,MORONA SANTIAGO,SANTIAGO,PARTICULAR,184,22,2022
2022-2023 Inicio,MORONA SANTIAGO,SUCUA,FISCAL,5444,209,2022
2022-2023 Inicio,MORONA SANTIAGO,SUCUA,FISCOMISIONAL,2456,184,2022
2022-2023 Inicio,MORONA SANTIAGO,SUCUA,PARTICULAR,19,0,2022
2022-2023 Inicio,MORONA SANTIAGO,TAISHA,FISCAL,11039,245,2022
2022-2023 Inicio,MORONA SANTIAGO,TAISHA,FISCOMISIONAL,413,26,2022
2022-2023 Inicio,MORONA SANTIAGO,TIWINTZA,FISCAL,3630,60,2022
2022-2023 Inicio,MORONA SANTIAGO,TIWINTZA,FISCOMISIONAL,121,0,2022
2022-2023 Inicio,NAPO,ARCHIDONA,FISCAL,6240,354,2022
2022-2023 Inicio,NAPO,ARCHIDONA,FISCOMISIONAL,3738,223,2022
2022-2023 Inicio,NAPO,CARLOS JULIO AROSEMENA TOLA,FISCAL,975,48,2022
2022-2023 Inicio,NAPO,CARLOS JULIO AROSEMENA TOLA,FISCOMISIONAL,110,0,2022
2022-2023 Inicio,NAPO,EL CHACO,FISCAL,2269,130,2022
2022-2023 Inicio,NAPO,QUIJOS,FISCAL,1015,50,2022
2022-2023 Inicio,NAPO,QUIJOS,FISCOMISIONAL,740,100,2022
2022-2023 Inicio,NAPO,QUIJOS,PARTICULAR,53,0,2022
2022-2023 Inicio,NAPO,TENA,FISCAL,15416,807,2022
2022-2023 Inicio,NAPO,TENA,FISCOMISIONAL,9900,641,2022
2022-2023 Inicio,NAPO,TENA,PARTICULAR,805,73,2022
2022-2023 Inicio,ORELLANA,AGUARICO,FISCAL,2309,97,2022
2022-2023 Inicio,ORELLANA,LA JOYA DE LOS SACHAS,FISCAL,13626,712,2022
2022-2023 Inicio,ORELLANA,LA JOYA DE LOS SACHAS,FISCOMISIONAL,1487,103,2022
2022-2023 Inicio,ORELLANA,LA JOYA DE LOS SACHAS,PARTICULAR,761,38,2022
2022-2023 Inicio,ORELLANA,LORETO,FISCAL,6260,269,2022
2022-2023 Inicio,ORELLANA,LORETO,FISCOMISIONAL,3369,176,2022
2022-2023 Inicio,ORELLANA,ORELLANA,FISCAL,25916,1171,2022
2022-2023 Inicio,ORELLANA,ORELLANA,FISCOMISIONAL,2843,421,2022
2022-2023 Inicio,ORELLANA,ORELLANA,PARTICULAR,2068,284,2022
2022-2023 Inicio,PASTAZA,ARAJUNO,FISCAL,3776,141,2022
2022-2023 Inicio,PASTAZA,MERA,FISCAL,2650,137,2022
2022-2023 Inicio,PASTAZA,MERA,FISCOMISIONAL,759,0,2022
2022-2023 Inicio,PASTAZA,PASTAZA,FISCAL,18736,765,2022
2022-2023 Inicio,PASTAZA,PASTAZA,FISCOMISIONAL,7725,669,2022
2022-2023 Inicio,PASTAZA,PASTAZA,PARTICULAR,912,206,2022
2022-2023 Inicio,PASTAZA,SANTA CLARA,FISCAL,526,73,2022
2022-2023 Inicio,PASTAZA,SANTA CLARA,FISCOMISIONAL,715,50,2022
2022-2023 Inicio,PICHINCHA,CAYAMBE,FISCAL,25141,1864,2022
2022-2023 Inicio,PICHINCHA,CAYAMBE,FISCOMISIONAL,2072,137,2022
2022-2023 Inicio,PICHINCHA,CAYAMBE,MUNICIPAL,512,0,2022
2022-2023 Inicio,PICHINCHA,CAYAMBE,PARTICULAR,1921,127,2022
2022-2023 Inicio,PICHINCHA,MEJIA,FISCAL,20592,1369,2022
2022-2023 Inicio,PICHINCHA,MEJIA,FISCOMISIONAL,342,24,2022
2022-2023 Inicio,PICHINCHA,MEJIA,PARTICULAR,3052,108,2022
2022-2023 Inicio,PICHINCHA,PEDRO MONCAYO,FISCAL,9582,527,2022
2022-2023 Inicio,PICHINCHA,PEDRO MONCAYO,FISCOMISIONAL,662,0,2022
2022-2023 Inicio,PICHINCHA,PEDRO MONCAYO,PARTICULAR,480,46,2022
2022-2023 Inicio,PICHINCHA,PEDRO VICENTE MALDONADO,FISCAL,4136,256,2022
2022-2023 Inicio,PICHINCHA,PEDRO VICENTE MALDONADO,FISCOMISIONAL,456,41,2022
2022-2023 Inicio,PICHINCHA,PUERTO QUITO,FISCAL,6670,416,2022
2022-2023 Inicio,PICHINCHA,PUERTO QUITO,FISCOMISIONAL,437,30,2022
2022-2023 Inicio,PICHINCHA,QUITO,FISCAL,392387,27290,2022
2022-2023 Inicio,PICHINCHA,QUITO,FISCOMISIONAL,26541,2234,2022
2022-2023 Inicio,PICHINCHA,QUITO,MUNICIPAL,21410,2098,2022
2022-2023 Inicio,PICHINCHA,QUITO,PARTICULAR,172712,12342,2022
2022-2023 Inicio,PICHINCHA,RUMIÑAHUI,FISCAL,19758,1526,2022
2022-2023 Inicio,PICHINCHA,RUMIÑAHUI,FISCOMISIONAL,116,1,2022
2022-2023 Inicio,PICHINCHA,RUMIÑAHUI,MUNICIPAL,637,0,2022
2022-2023 Inicio,PICHINCHA,RUMIÑAHUI,PARTICULAR,11474,907,2022
2022-2023 Inicio,PICHINCHA,SAN MIGUEL DE LOS BANCOS,FISCAL,3049,202,2022
2022-2023 Inicio,PICHINCHA,SAN MIGUEL DE LOS BANCOS,FISCOMISIONAL,1171,81,2022
2022-2023 Inicio,SANTA ELENA,LA LIBERTAD,FISCAL,24917,1499,2022
2022-2023 Inicio,SANTA ELENA,LA LIBERTAD,MUNICIPAL,416,36,2022
2022-2023 Inicio,SANTA ELENA,LA LIBERTAD,PARTICULAR,7234,869,2022
2022-2023 Inicio,SANTA ELENA,SALINAS,FISCAL,17606,994,2022
2022-2023 Inicio,SANTA ELENA,SALINAS,MUNICIPAL,562,48,2022
2022-2023 Inicio,SANTA ELENA,SALINAS,PARTICULAR,6211,414,2022
2022-2023 Inicio,SANTA ELENA,SANTA ELENA,FISCAL,46389,1947,2022
2022-2023 Inicio,SANTA ELENA,SANTA ELENA,FISCOMISIONAL,1274,106,2022
2022-2023 Inicio,SANTA ELENA,SANTA ELENA,PARTICULAR,2412,161,2022
2022-2023 Inicio,SANTO DOMINGO DE LOS TSACHILAS,LA CONCORDIA,FISCAL,15212,1059,2022
2022-2023 Inicio,SANTO DOMINGO DE LOS TSACHILAS,LA CONCORDIA,FISCOMISIONAL,218,48,2022
2022-2023 Inicio,SANTO DOMINGO DE LOS TSACHILAS,LA CONCORDIA,PARTICULAR,1619,82,2022
2022-2023 Inicio,SANTO DOMINGO DE LOS TSACHILAS,SANTO DOMINGO,FISCAL,101981,6175,2022
2022-2023 Inicio,SANTO DOMINGO DE LOS TSACHILAS,SANTO DOMINGO,FISCOMISIONAL,2453,114,2022
2022-2023 Inicio,SANTO DOMINGO DE LOS TSACHILAS,SANTO DOMINGO,PARTICULAR,17103,1448,2022
2022-2023 Inicio,SUCUMBIOS,CASCALES,FISCAL,3945,165,2022
2022-2023 Inicio,SUCUMBIOS,CASCALES,FISCOMISIONAL,29,9,2022
2022-2023 Inicio,SUCUMBIOS,CUYABENO,FISCAL,2704,93,2022
2022-2023 Inicio,SUCUMBIOS,CUYABENO,FISCOMISIONAL,85,11,2022
2022-2023 Inicio,SUCUMBIOS,GONZALO PIZARRO,FISCAL,3399,190,2022
2022-2023 Inicio,SUCUMBIOS,GONZALO PIZARRO,FISCOMISIONAL,14,7,2022
2022-2023 Inicio,SUCUMBIOS,LAGO AGRIO,FISCAL,27577,1362,2022
2022-2023 Inicio,SUCUMBIOS,LAGO AGRIO,FISCOMISIONAL,2196,350,2022
2022-2023 Inicio,SUCUMBIOS,LAGO AGRIO,PARTICULAR,2243,237,2022
2022-2023 Inicio,SUCUMBIOS,PUTUMAYO,FISCAL,2766,148,2022
2022-2023 Inicio,SUCUMBIOS,PUTUMAYO,FISCOMISIONAL,12,7,2022
2022-2023 Inicio,SUCUMBIOS,SHUSHUFINDI,FISCAL,15392,1100,2022
2022-2023 Inicio,SUCUMBIOS,SHUSHUFINDI,FISCOMISIONAL,178,31,2022
2022-2023 Inicio,SUCUMBIOS,SHUSHUFINDI,MUNICIPAL,803,42,2022
2022-2023 Inicio,SUCUMBIOS,SHUSHUFINDI,PARTICULAR,685,24,2022
2022-2023 Inicio,SUCUMBIOS,SUCUMBIOS,FISCAL,832,70,2022
2022-2023 Inicio,TUNGURAHUA,AMBATO,FISCAL,65593,4448,2022
2022-2023 Inicio,TUNGURAHUA,AMBATO,FISCOMISIONAL,3524,260,2022
2022-2023 Inicio,TUNGURAHUA,AMBATO,PARTICULAR,25162,2450,2022
2022-2023 Inicio,TUNGURAHUA,BAÑOS DE AGUA SANTA,FISCAL,5125,374,2022
2022-2023 Inicio,TUNGURAHUA,BAÑOS DE AGUA SANTA,PARTICULAR,254,0,2022
2022-2023 Inicio,TUNGURAHUA,CEVALLOS,FISCAL,2074,123,2022
2022-2023 Inicio,TUNGURAHUA,CEVALLOS,PARTICULAR,441,0,2022
2022-2023 Inicio,TUNGURAHUA,MOCHA,FISCAL,1408,84,2022
2022-2023 Inicio,TUNGURAHUA,PATATE,FISCAL,2482,139,2022
2022-2023 Inicio,TUNGURAHUA,PATATE,PARTICULAR,109,0,2022
2022-2023 Inicio,TUNGURAHUA,QUERO,FISCAL,3541,276,2022
2022-2023 Inicio,TUNGURAHUA,QUERO,FISCOMISIONAL,233,12,2022
2022-2023 Inicio,TUNGURAHUA,SAN PEDRO DE PELILEO,FISCAL,12457,836,2022
2022-2023 Inicio,TUNGURAHUA,SAN PEDRO DE PELILEO,FISCOMISIONAL,627,58,2022
2022-2023 Inicio,TUNGURAHUA,SAN PEDRO DE PELILEO,PARTICULAR,1856,83,2022
2022-2023 Inicio,TUNGURAHUA,SANTIAGO DE PILLARO,FISCAL,7859,569,2022
2022-2023 Inicio,TUNGURAHUA,SANTIAGO DE PILLARO,FISCOMISIONAL,573,0,2022
2022-2023 Inicio,TUNGURAHUA,SANTIAGO DE PILLARO,PARTICULAR,363,0,2022
2022-2023 Inicio,TUNGURAHUA,TISALEO,FISCAL,1597,91,2022
2022-2023 Inicio,ZAMORA CHINCHIPE,CENTINELA DEL CONDOR,FISCAL,1557,92,2022
2022-2023 Inicio,ZAMORA CHINCHIPE,CENTINELA DEL CONDOR,FISCOMISIONAL,257,0,2022
2022-2023 Inicio,ZAMORA CHINCHIPE,CHINCHIPE,FISCAL,2469,179,2022
2022-2023 Inicio,ZAMORA CHINCHIPE,CHINCHIPE,FISCOMISIONAL,324,0,2022
2022-2023 Inicio,ZAMORA CHINCHIPE,EL PANGUI,FISCAL,2308,85,2022
2022-2023 Inicio,ZAMORA CHINCHIPE,EL PANGUI,FISCOMISIONAL,1720,102,2022
2022-2023 Inicio,ZAMORA CHINCHIPE,NANGARITZA,FISCAL,1974,94,2022
2022-2023 Inicio,ZAMORA CHINCHIPE,NANGARITZA,FISCOMISIONAL,239,0,2022
2022-2023 Inicio,ZAMORA CHINCHIPE,PALANDA,FISCAL,2390,178,2022
2022-2023 Inicio,ZAMORA CHINCHIPE,PALANDA,FISCOMISIONAL,87,0,2022
2022-2023 Inicio,ZAMORA CHINCHIPE,PAQUISHA,FISCAL,1344,73,2022
2022-2023 Inicio,ZAMORA CHINCHIPE,PAQUISHA,FISCOMISIONAL,248,0,2022
2022-2023 Inicio,ZAMORA CHINCHIPE,YACUAMBI,FISCAL,1746,95,2022
2022-2023 Inicio,ZAMORA CHINCHIPE,YANTZAZA (YANZATZA),FISCAL,5981,357,2022
2022-2023 Inicio,ZAMORA CHINCHIPE,YANTZAZA (YANZATZA),FISCOMISIONAL,1385,96,2022
2022-2023 Inicio,ZAMORA CHINCHIPE,YANTZAZA (YANZATZA),PARTICULAR,105,0,2022
2022-2023 Inicio,ZAMORA CHINCHIPE,ZAMORA,FISCAL,5250,329,2022
2022-2023 Inicio,ZAMORA CHINCHIPE,ZAMORA,FISCOMISIONAL,3412,396,2022
2022-2023 Inicio,ZAMORA CHINCHIPE,ZAMORA,PARTICULAR,112,0,2022
